WP_061661291.1	WP_061661291.1_1	NZ_MIFH01000100.1	Bacillus cereus	Firmicutes	208	74	-	MTKILKLQEIESEIIPTVDRKMSTTSIGFCSHSGLWSMASLYIC
WP_061661291.1	WP_061661291.1_2	NZ_MIFH01000100.1	Bacillus cereus	Firmicutes	389	243	-	MTKLLALQKIETNALKGKLLKSTLSIICDKGTGSSVSLYVCNSTGDFQ
WP_061661291.1	WP_061661291.1_3	NZ_MIFH01000100.1	Bacillus cereus	Firmicutes	3986	4120	+	MKKLLSLQHTALDKEVVLLAGKSSVSLGCDNISTVSLYFCGNGK
WP_061661291.1	WP_061661291.1_4	NZ_MIFH01000100.1	Bacillus cereus	Firmicutes	4167	4295	+	MKKLLSLQHTALDKEVVLLAGKSSVSLGCDNISTVSLYFCGN
WP_049628110.1	WP_049628110.1_1	NZ_KQ236689.1	Bacillus sp. JFL15	Firmicutes	2392430	2392549	+	MKEVLVLQQFDEKSEVEPTAWTVTLTTISVTLSTLSNHC
WP_049628110.1	WP_049628110.1_2	NZ_KQ236689.1	Bacillus sp. JFL15	Firmicutes	2392602	2392730	+	MKDVLELQQMNEGSDVEASKGKGGLLTLITTIVGSSTISNNC
WP_049628110.1	WP_049628110.1_3	NZ_KQ236689.1	Bacillus sp. JFL15	Firmicutes	2392758	2392877	+	MNEVLELQQLSKGSEVETAGWTLLTTLIGTSTISNSCNK
WP_049628110.1	WP_049628110.1_4	NZ_KQ236689.1	Bacillus sp. JFL15	Firmicutes	2393153	2393284	+	MRDVLELQQMNEGSDVEASKGKGGLLTLITTVVGTSTISNNCG
WP_049628110.1	WP_049628110.1_5	NZ_KQ236689.1	Bacillus sp. JFL15	Firmicutes	2393426	2393557	+	MRDVLELQQMNEGSDVEASKGKGGLLTLITTVVGTSTISNNCG
WP_049628110.1	WP_049628110.1_6	NZ_KQ236689.1	Bacillus sp. JFL15	Firmicutes	2393797	2393940	+	MNNVLALQQLNNSSEVEPQIGPTITTITVIPTMVISLISNYCDNHAS
WP_107520846.1	WP_107520846.1_1	NZ_PZBE01000059.1	Staphylococcus cohnii	Firmicutes	5694	5575	-	MEDVLELQKLASDEADVSEKGYTPTTVTTVGLSTISNGC
WP_072332123.1	WP_072332123.1_1	NZ_FPJZ01000004.1	Thermoactinomyces sp. DSM 45891	Firmicutes	46336	46202	-	MNQVLDLQKLSENNSEQPEMGTWTVVVRTTVTTVSGMSTISNNC
WP_072332123.1	WP_072332123.1_2	NZ_FPJZ01000004.1	Thermoactinomyces sp. DSM 45891	Firmicutes	46501	46367	-	MNQVLDLQKLSENNSEQPEMGTWTVVVRTTVTTVSGMSTISNNC
WP_019468040.1	WP_019468040.1_1	NZ_ALOZ01000043.1	Staphylococcus cohnii	Firmicutes	17915	17775	-	MNEVLNLQKISFTEEGDFSERNATPTTVTTTTATATAGLSTVSENC
WP_090870691.1	WP_090870691.1_1	NZ_FOHE01000012.1	Oceanobacillus limi	Firmicutes	53787	53677	-	MNDVLELQKMPEEGEVGTQGWTWTVTIFLSTVSNHC
WP_090870691.1	WP_090870691.1_2	NZ_FOHE01000012.1	Oceanobacillus limi	Firmicutes	53938	53828	-	MNDVLELQKMPEEGEVGTQGWTWTVTIFLSTVSNHC
WP_090870691.1	WP_090870691.1_3	NZ_FOHE01000012.1	Oceanobacillus limi	Firmicutes	54198	54058	-	MKEVLELQQIPEDNEVQPQVGPTITTVSAILTTFWSTVSNNCDRVH
WP_019636506.1	WP_019636506.1_1	NZ_KB907249.1	Paenibacillus fonticola DSM 21315	Firmicutes	194320	194448	+	MNEVLELQQLAALPDEQELFPITITWTVTTTAATWSTVSNHC
WP_101050662.1	WP_101050662.1_1	NZ_PIZP01000004.1	Staphylococcus xylosus	Firmicutes	265154	265035	-	MNKVLSLQQETISKEVQLKAKSSRSQNCKKSSHASWFFC
WP_101050662.1	WP_101050662.1_2	NZ_PIZP01000004.1	Staphylococcus xylosus	Firmicutes	265298	265179	-	MNKVLSLQQETISKEVQLKAKSSRSQNCKNSSHASWFIC
WP_101050662.1	WP_101050662.1_3	NZ_PIZP01000004.1	Staphylococcus xylosus	Firmicutes	265442	265323	-	MNKVLSLQQETISKEVQLKAKSSRSQNCKNSSHASWFIC
WP_101050662.1	WP_101050662.1_4	NZ_PIZP01000004.1	Staphylococcus xylosus	Firmicutes	265592	265467	-	MKQVLDLQQMRSKSGKKKPSPKQSSASWGCAPSSNTSWFFC
WP_101050662.1	WP_101050662.1_5	NZ_PIZP01000004.1	Staphylococcus xylosus	Firmicutes	268360	268220	-	MEKNNVLKLQSMRSKKSSNHQASNASVMCKKQSSASIIFCVFPGGK
WP_047844018.1	WP_047844018.1_1	NZ_LELF01000067.1	Paenibacillus sp. VT-400	Firmicutes	4294470	4294342	-	MNAVLELQKLAHDKEGKGQAVDATITTTWTVTIFNSTISNHC
WP_047844018.1	WP_047844018.1_2	NZ_LELF01000067.1	Paenibacillus sp. VT-400	Firmicutes	4294635	4294507	-	MNAVLELQKLAHDKEGKGQAVDATITTTWTVTIFNSTISNHC
WP_047844018.1	WP_047844018.1_3	NZ_LELF01000067.1	Paenibacillus sp. VT-400	Firmicutes	4294800	4294672	-	MNAVLELQKLAHDKEGKGQAVDATITTTWTVTIFNSTISNHC
WP_047844018.1	WP_047844018.1_4	NZ_LELF01000067.1	Paenibacillus sp. VT-400	Firmicutes	4294965	4294837	-	MNAVLELQKLAHDKEGKGQAVDATITTTWTVTFFTSTISNYC
WP_093726109.1	WP_093726109.1_1	NZ_FMZB01000002.1	Terribacillus halophilus	Firmicutes	274713	274850	+	MKNPVLELQKSTRSKNMDQGGGGSSSSSSSSYFGHSSISIFCIGK
WP_075666765.1	WP_075666765.1_1	NZ_NBNU01000011.1	Bacillus sp. S1-R2T1-FB	Firmicutes	112676	112542	-	MNAVLELQKLANDTDGKGQAADATITTVTVTSTSIWASTVSNYC
WP_075666765.1	WP_075666765.1_2	NZ_NBNU01000011.1	Bacillus sp. S1-R2T1-FB	Firmicutes	112850	112716	-	MNAVLELQKLANDTDGKGQAADATITTVTVTSTSIWASTVSNHC
WP_075666765.1	WP_075666765.1_3	NZ_NBNU01000011.1	Bacillus sp. S1-R2T1-FB	Firmicutes	113151	113017	-	MNAVLELQKLANDTDGKGQAADATITTVTVTSTSIWASTVSNHC
WP_075666765.1	WP_075666765.1_4	NZ_NBNU01000011.1	Bacillus sp. S1-R2T1-FB	Firmicutes	113325	113191	-	MNAVLELQKLANDTDGKGQAADATITTVTVTSTSIWASTVSNHC
WP_068939899.1	WP_068939899.1_1	NZ_MRTC01000017.1	Paenibacillus peoriae	Firmicutes	85217	85354	+	VNAVLELQKLAHAADGKGQAVEATFTTTIEGPTIIFYSTISSHIC
WP_068939899.1	WP_068939899.1_2	NZ_MRTC01000017.1	Paenibacillus peoriae	Firmicutes	85389	85526	+	MNEVLELQKLAHDVDGKGQAMEATITTITTTLTTVGNSSISIWGC
WP_010768671.1	WP_010768671.1_1	NZ_ASWE01000002.1	Enterococcus phoeniculicola ATCC BAA-412	Firmicutes	185324	185458	+	MITVLEMQNFVAEEDVLDDVDGARFSSLSGGSCGNLSSVSIWDC
WP_044802676.1	WP_044802676.1_1	NZ_NBMN01000006.1	Bacillus velezensis	Firmicutes	134884	134747	-	MNDVLELQKLEKETDGKGIAVDATITTTWTVTTTSGFVSSVSNHC
WP_033827971.1	WP_033827971.1_1	NZ_LM994660.1	Bacillus andreraoultii	Firmicutes	834417	834536	+	VESVLELQKLNEDPEVETAGWWFTSVTLLVTTSTISNHC
WP_033827971.1	WP_033827971.1_2	NZ_LM994660.1	Bacillus andreraoultii	Firmicutes	834580	834702	+	MKDVLELQQLNEGSEVEPAKWYTIFTTLIGTSTISNNCGK
WP_033827971.1	WP_033827971.1_3	NZ_LM994660.1	Bacillus andreraoultii	Firmicutes	834736	834855	+	MKDVLELQQLNEGSEVEPAKWYTIFTTLIGTSTISNNCR
WP_085875813.1	WP_085875813.1_1	NZ_FXLP01000005.1	Peptoniphilus vaginalis	Firmicutes	71981	72103	+	MSAKILKLQEMKANESKVVSRKSSQSNSCNTRSSISILCK
WP_004231815.1	WP_004231815.1_1	NZ_ADJR01000053.1	Lysinibacillus fusiformis ZC1	Firmicutes	100493	100648	+	MTYNKKKSNVLELQKMDVNNKKLNGVMGYSTTSNFLCIGTPSMMSQFTCSK
WP_012797098.1	WP_012797098.1_1	NC_013164.1	Anaerococcus prevotii DSM 20548	Firmicutes	9060	9203	+	MNKILSLQKLIVDDLFNSEDNDLSTVSISCKKESTVSIFICVRPPKE
WP_012797098.1	WP_012797098.1_2	NC_013164.1	Anaerococcus prevotii DSM 20548	Firmicutes	9218	9355	+	MRNLLIKSILKLQEIEVYDDVHVQPNSTLSVLGCETQSTTSYFFC
WP_012797098.1	WP_012797098.1_3	NC_013164.1	Anaerococcus prevotii DSM 20548	Firmicutes	9424	9546	+	MTNDILNLQRMQPREDITVMAASTYSTNCKNSSGVSLFIC
WP_012797098.1	WP_012797098.1_4	NC_013164.1	Anaerococcus prevotii DSM 20548	Firmicutes	9611	9733	+	MTNDILNLQKMQPREDITVMAASTFSTNCKNSSGISLFVC
WP_012797098.1	WP_012797098.1_5	NC_013164.1	Anaerococcus prevotii DSM 20548	Firmicutes	9798	9920	+	MTNDILNLQKMQPREDIAVMAASTYSTNCKNSSGVSLFIC
WP_106769122.1	WP_106769122.1_1	NZ_LT985747.1	Paenibacillus sp. Marseille-P3787	Firmicutes	4055012	4054890	-	MNEVLALQQMPGQEQEAFPITITWTVTTVTVGWSTASNHC
WP_107588534.1	WP_107588534.1_1	NZ_PZQP01000019.1	Alkalihalobacillus clausii	Firmicutes	88554	88688	+	MNQVLELQKLSYNEESGQPAVDKTPTTFTTTTTITTLSTVSNNC
WP_107588534.1	WP_107588534.1_2	NZ_PZQP01000019.1	Alkalihalobacillus clausii	Firmicutes	88770	88904	+	MNQVLELQKLSYNEESGQPAVDKTPTTFTTTTTITTLSTVSQNC
WP_084871559.1	WP_084871559.1_1	NZ_CP015284.1	Streptococcus salivarius	Firmicutes	63635	63754	+	MKNILSLQQLKVKENTKLMAKSSKSINCKNSSHASWFVC
WP_084871559.1	WP_084871559.1_2	NZ_CP015284.1	Streptococcus salivarius	Firmicutes	63811	63924	+	MKKILSLQQLKKTERAKTKSSMSLNCQMSSNNSWFFC
WP_098791400.1	WP_098791400.1_1	NZ_NMOL01000003.1	Priestia megaterium	Firmicutes	15633	15514	-	VKKVLSLQVLDSKKDVELRAGSSLSVNCKVVSTISFAVC
WP_098791400.1	WP_098791400.1_2	NZ_NMOL01000003.1	Priestia megaterium	Firmicutes	15904	15785	-	VKKVLSLQVLDSKKDVELRAGSSLSVNCKVVSTISFAVC
WP_098791400.1	WP_098791400.1_3	NZ_NMOL01000003.1	Priestia megaterium	Firmicutes	18739	18587	-	MSYNKQMSNVLQLQSMDITRNSLTNPAMSTSSAFACWPNTIASTLSIAVC
WP_098791400.1	WP_098791400.1_4	NZ_NMOL01000003.1	Priestia megaterium	Firmicutes	18925	18779	-	MSYNKQMSNVLQLQKMKNSSSLDLTSNLSVVCKEKSTISFFLCLPNGQ
WP_098791400.1	WP_098791400.1_5	NZ_NMOL01000003.1	Priestia megaterium	Firmicutes	19111	18965	-	MSYHKQMSNILQLQKMKNSSSLDLTSNLSVVCKEKSTISFFLCLPNEQ
WP_124068237.1	WP_124068237.1_1	NZ_RJLQ01000030.1	Clostridium sp. E02	Firmicutes	23421	23302	-	MKVVLNLQTLSANEEVNLHGGSYQSVSCKDSSNASWFAC
WP_124068237.1	WP_124068237.1_2	NZ_RJLQ01000030.1	Clostridium sp. E02	Firmicutes	23572	23453	-	MKAVLNLQTLSANEEVNLHGGSYQSVSCKDSSHASLFAC
WP_124068237.1	WP_124068237.1_3	NZ_RJLQ01000030.1	Clostridium sp. E02	Firmicutes	23832	23710	-	MNKVLLLQSMDLKARDKNKADSMMSILCSPDHSNTSYFFC
WP_124068237.1	WP_124068237.1_4	NZ_RJLQ01000030.1	Clostridium sp. E02	Firmicutes	26649	26524	-	MKRVLELQTMQAKNYESAAASNLSVSCKKESTISVFWCVIK
WP_129010271.1	WP_129010271.1_1	NZ_CP035413.1	Bacillus subtilis	Firmicutes	534783	534911	+	MKKLLSLQHKALDKEVTLLKGKSSVSLGCDKISTVSLYFCGN
WP_129010271.1	WP_129010271.1_2	NZ_CP035413.1	Bacillus subtilis	Firmicutes	534948	535076	+	MKKLLSLQHKALDKEVTLLKGRSSVSLGCDKISTVSLYFCGN
WP_129010271.1	WP_129010271.1_3	NZ_CP035413.1	Bacillus subtilis	Firmicutes	535114	535242	+	MKKLLSLQHKALDKEVTLLKGKSSVSLGCDKISTVSLYFCGN
WP_129010271.1	WP_129010271.1_4	NZ_CP035413.1	Bacillus subtilis	Firmicutes	535359	535541	+	MSRGKQISNILKLQSLESGPVYTAGATGTVEGQSLISPASIAFCLTPLPVSTMSAAFCNN
WP_083215482.1	WP_083215482.1_1	NZ_CP014924.1	Lactobacillus paracollinoides	Firmicutes	1198027	1198164	+	MQNKILDLQKFETRSKVGHKKSLVSIACGNGSTVSLFACPGHPAK
WP_083215482.1	WP_083215482.1_2	NZ_CP014924.1	Lactobacillus paracollinoides	Firmicutes	1198182	1198322	+	MKKITELQRLSETGQEPVAARMSTVSISFCGRKGHSIWSLTSYFLC
WP_083215482.1	WP_083215482.1_3	NZ_CP014924.1	Lactobacillus paracollinoides	Firmicutes	1203395	1203523	+	MNKLISLQKTAIDADVTLLRHGSSKISLGCHNISTISLYFCE
WP_083215482.1	WP_083215482.1_4	NZ_CP014924.1	Lactobacillus paracollinoides	Firmicutes	1203551	1203679	+	MNKLVSLQKTAIDADVTLLRHGSSKISLGCHNISTISLYFCE
WP_110933246.1	WP_110933246.1_1	NZ_LT732548.1	Paenibacillus bouchesdurhonensis	Firmicutes	3573568	3573440	-	MNEVLGLQQLAALPEEQELFPITITWTVTTTAATWSTVSNHC
WP_071254037.1	WP_071254037.1_1	NZ_MJGJ01000006.1	Curtobacterium sp. MCBA15_003	Actinobacteria	41455	41300	-	MKGRSVLALQGMKVGPADAPAQADSIFSMTSYFLCPLTTIMPASTASIAVC
WP_071254037.1	WP_071254037.1_2	NZ_MJGJ01000006.1	Curtobacterium sp. MCBA15_003	Actinobacteria	41637	41452	-	MPTATLIQRRSDSAAVLDLQGLAADDVAQAGLTSNLSLICKQQSSLSIYMCPTSPNGEASR
WP_002838471.1	WP_002838471.1_1	NZ_LT635475.1	Ezakiella massiliensis	Firmicutes	1075012	1075134	+	MSKKILELQKMQSKKADKVVSRKSGTSGSCTLKSAISLFC
WP_000347596.1	WP_000347596.1_1	NC_018500.1	Bacillus thuringiensis HD-771	Firmicutes	3276953	3276834	-	MKKVLSLQKASVSKEIQLKAASALSTGCKNSSNASWFLC
WP_000347596.1	WP_000347596.1_2	NC_018500.1	Bacillus thuringiensis HD-771	Firmicutes	3277131	3277012	-	MKKVLSLQKASVSKEIQLKAASALSTGCKNSSNASWFLC
WP_000347596.1	WP_000347596.1_3	NC_018500.1	Bacillus thuringiensis HD-771	Firmicutes	3277309	3277190	-	MKKVLSLQKASVSKEIQLKAASALSTGCKNSSNASWFLC
WP_000347596.1	WP_000347596.1_4	NC_018500.1	Bacillus thuringiensis HD-771	Firmicutes	3277490	3277368	-	MRKVLSLQKIDNRSSKKGGILNSAVSLGCAPSSNTSWFFC
WP_000347596.1	WP_000347596.1_5	NC_018500.1	Bacillus thuringiensis HD-771	Firmicutes	3281911	3281762	-	MSMQTAKNNVLSLQRMKAANAGDTGNGSYASFFCKKNSTISVFTCVING
WP_123260003.1	WP_123260003.1_1	NZ_CP026033.1	Bacillus circulans	Firmicutes	2549043	2548924	-	MNKVLSLQKEAISKDVQLKAKSLASIQCKGSSNASWFFC
WP_123260003.1	WP_123260003.1_2	NZ_CP026033.1	Bacillus circulans	Firmicutes	2549199	2549080	-	MNKVLSLQKEAVSKDVQLKAKSSKSIQCKGSSHASWFFC
WP_123260003.1	WP_123260003.1_3	NZ_CP026033.1	Bacillus circulans	Firmicutes	2549355	2549236	-	MNKVLSLQKEAVSKDVQLKAKSSKSIQCKGSSHASWFFC
WP_123260003.1	WP_123260003.1_4	NZ_CP026033.1	Bacillus circulans	Firmicutes	2549511	2549392	-	MNKVLSLQKEAVSKDVQLKAKSLASIQCKGSSNASWFFC
WP_123260003.1	WP_123260003.1_5	NZ_CP026033.1	Bacillus circulans	Firmicutes	2549667	2549548	-	MNKVLSLQKEAVSKDVQLKAKSSKSIQCKGSSHASWFFC
WP_123260003.1	WP_123260003.1_6	NZ_CP026033.1	Bacillus circulans	Firmicutes	2549823	2549704	-	MNKVLSLQKEAVSKDVQLKAKSLASIQCKGSSNASWFFC
WP_123260003.1	WP_123260003.1_7	NZ_CP026033.1	Bacillus circulans	Firmicutes	2549983	2549861	-	MKNVLGLQKIDKKERKNGDILKSSVSLGCSPSSNTSWFFC
WP_123260003.1	WP_123260003.1_8	NZ_CP026033.1	Bacillus circulans	Firmicutes	2552878	2552741	-	MSRTDVLSLQSLRYKKNDEPPIGSNVSVNCKTHSGLSLFFCVVPR
WP_015382842.1	WP_015382842.1_1	NZ_CP022287.1	Bacillus subtilis	Firmicutes	521755	521633	-	MKKVLSLQKLYDTDIPKSNKIQSNVSIGCLGRSNISLFIC
WP_015382842.1	WP_015382842.1_2	NZ_CP022287.1	Bacillus subtilis	Firmicutes	521967	521818	-	MSDKILALQKLSTKKSDSPDKKSVLSIFICEGGQGSSVSLYACTSVGGF
WP_015382842.1	WP_015382842.1_3	NZ_CP022287.1	Bacillus subtilis	Firmicutes	525438	525566	+	MKKLLSLQHKALDKEVTLLKGRSSVSLGCDKISTVSLYFCGN
WP_015382842.1	WP_015382842.1_4	NZ_CP022287.1	Bacillus subtilis	Firmicutes	525604	525732	+	MKKLLSLQHKALDKEVTLLKGKSSVSLGCDKISTVSLYFCAN
WP_015382842.1	WP_015382842.1_5	NZ_CP022287.1	Bacillus subtilis	Firmicutes	525769	525897	+	MKKLLSLQHKALDKEVTLLKGRSSVSLGCDKISTVSLYFCGN
WP_015382842.1	WP_015382842.1_6	NZ_CP022287.1	Bacillus subtilis	Firmicutes	525934	526062	+	MKKLLSLQHKALDKEVTLLKGKSSVSLGCDKISTVSLYFCGN
WP_015382842.1	WP_015382842.1_7	NZ_CP022287.1	Bacillus subtilis	Firmicutes	526100	526228	+	MKKLLSLQHKALDKEVTLLKGRSSVSLGCDKISTVSLYFCGN
WP_015382842.1	WP_015382842.1_8	NZ_CP022287.1	Bacillus subtilis	Firmicutes	526345	526521	+	MSRGKQISNILKLQSLESGSAYNAGATGTVEGQSLSFYSIAFCATPLPVSAVSAAFCN
WP_076212272.1	WP_076212272.1_1	NZ_MRTS01000008.1	Paenibacillus sp. FSL R5-0765	Firmicutes	83580	83452	-	MNAVLELQKLAKDKEGKGQAVDGTITTTWTVTTFLSTISNSC
WP_076212272.1	WP_076212272.1_2	NZ_MRTS01000008.1	Paenibacillus sp. FSL R5-0765	Firmicutes	83743	83618	-	MNAVLELQKLSNNKEGKGHAVEATVTTITVTIFLSTLSNHC
WP_143745216.1	WP_143745216.1_1	NZ_FUKP01000024.1	Micrococcus lylae	Actinobacteria	22772	22650	-	MKNQVLSLQSMDSQDDIELRAGSSLSVNCKVISTISVAVC
WP_143745216.1	WP_143745216.1_2	NZ_FUKP01000024.1	Micrococcus lylae	Actinobacteria	25589	25446	-	MTAILSLQGMDVRRTSSAGRSIFSGTSIALCPITTIAPASTASVSVC
WP_143745216.1	WP_143745216.1_3	NZ_FUKP01000024.1	Micrococcus lylae	Actinobacteria	25770	25600	-	MITSHKSATTRSQRVLLLQDVEPELRSSDIPGLTSNLSIICKEQSTISIAVCVPGK
WP_078420368.1	WP_078420368.1_1	NZ_MQTB01000048.1	Bacillus cereus	Firmicutes	200	51	-	MSYKNKMSNVLDLQTLETGHISTANKLYSTNSYFGCPNNTVASTVSIMAC
WP_078420368.1	WP_078420368.1_2	NZ_MQTB01000048.1	Bacillus cereus	Firmicutes	392	243	-	MSYNKQMSKVLELQEMKKAATSGGLTSNLSFICKEKSTISLFTCLPGQQ
WP_078420368.1	WP_078420368.1_3	NZ_MQTB01000048.1	Bacillus cereus	Firmicutes	4059	4211	+	MSYNKQMSKVLELQEMKKTTGQGGLTSNLSLVCKEKSTISVFTCLPGQQY
WP_100795299.1	WP_100795299.1_1	NZ_PHTX01000001.1	Viridibacillus sp. OK051	Firmicutes	1327700	1327581	-	MNKVLTLQSLQVKEEAQLKAKSSLSIGCKKSSYASLFVC
WP_100795299.1	WP_100795299.1_2	NZ_PHTX01000001.1	Viridibacillus sp. OK051	Firmicutes	1327856	1327737	-	MNKVLTLQSLQVKEEAQLKAKSSLSIGCKKSSYASLFVC
WP_100795299.1	WP_100795299.1_3	NZ_PHTX01000001.1	Viridibacillus sp. OK051	Firmicutes	1328012	1327893	-	MNKVLTLQSLQVKEEAQLKAKSSLSIGCKKSSYASLFVC
WP_100795299.1	WP_100795299.1_4	NZ_PHTX01000001.1	Viridibacillus sp. OK051	Firmicutes	1328168	1328049	-	MNKVLTLQSLQVKEEAQLKAKSSLSIGCKKSSYASLFVC
WP_100795299.1	WP_100795299.1_5	NZ_PHTX01000001.1	Viridibacillus sp. OK051	Firmicutes	1328324	1328205	-	MNKVLTLQSLQVKEEAQLKAKSSLSIGCKKSSYASLFVC
WP_100795299.1	WP_100795299.1_6	NZ_PHTX01000001.1	Viridibacillus sp. OK051	Firmicutes	1328480	1328361	-	MNKVLTLQSLQVKEEAQLKAKSSLSIGCKKSSYASLFVC
WP_100795299.1	WP_100795299.1_7	NZ_PHTX01000001.1	Viridibacillus sp. OK051	Firmicutes	1331456	1331322	-	MSKQSMLDLQRLQMKKGGDILSNISFFNCKNASTVSLFLCVPKS
WP_054105497.1	WP_054105497.1_1	NZ_LHPB01000029.1	Staphylococcus hominis	Firmicutes	4106	3987	-	MNKVLSLQQETVSKEVQLKAKSSKSQNCKNSSHSSWFFC
WP_054105497.1	WP_054105497.1_2	NZ_LHPB01000029.1	Staphylococcus hominis	Firmicutes	4264	4139	-	MKNVLELQQMRSKLGKKKPTKKQSSASWGCAPSSNTSWFFC
WP_054105497.1	WP_054105497.1_3	NZ_LHPB01000029.1	Staphylococcus hominis	Firmicutes	7037	6897	-	MNKNEVLNLQGMRTKKSSNHQASNTSVMCKKQSSASIVFCVFRGDK
WP_048018787.1	WP_048018787.1_1	NZ_CP024036.1	Bacillus aryabhattai	Firmicutes	104091	103972	-	MNKVLSLQKEAISKDVQLKAKSAQSVKCKGSSHASWFFC
WP_048018787.1	WP_048018787.1_2	NZ_CP024036.1	Bacillus aryabhattai	Firmicutes	104241	104122	-	MNKVLSLQKEAISKDVQLKAKSSKSVNCKTSSNASWFIC
WP_048018787.1	WP_048018787.1_3	NZ_CP024036.1	Bacillus aryabhattai	Firmicutes	104391	104272	-	MNKVLSLQKEAISKDVQLKAKSSKSVNCKTSSNASWFVC
WP_048018787.1	WP_048018787.1_4	NZ_CP024036.1	Bacillus aryabhattai	Firmicutes	104541	104422	-	MNKVLSLQKEAISKDVQLKAKSSKSVNCKTSSNASWFIC
WP_048018787.1	WP_048018787.1_5	NZ_CP024036.1	Bacillus aryabhattai	Firmicutes	104691	104572	-	MNKVLSLQKETVSKDVQLKAKSSKSVNCKTSSNASWFIC
WP_048018787.1	WP_048018787.1_6	NZ_CP024036.1	Bacillus aryabhattai	Firmicutes	104868	104746	-	MNNVLALQKMYQKEKKKGNKENSSLSLGCSPSSNTSWFLC
WP_048018787.1	WP_048018787.1_7	NZ_CP024036.1	Bacillus aryabhattai	Firmicutes	107635	107498	-	MSKTDVLSLQGLKEYKNTSEPIGSNISVNCKQKSSLSIFACIRPK
WP_062471966.1	WP_062471966.1_1	NZ_BBYN01000034.1	Jeotgalibaca dankookensis	Firmicutes	14364	14227	-	MKNPVLDLQVVTYGNPVKEHPGLGGGSSSSSSSSSIENSSFSIFC
WP_115903629.1	WP_115903629.1_1	NZ_QKXK01000124.1	Staphylococcus felis	Firmicutes	1650	1513	-	MKNVLGLQKMNIEELTTRENTAIRTIINVTVSVYTLSTVSSKCNR
WP_115903629.1	WP_115903629.1_2	NZ_QKXK01000124.1	Staphylococcus felis	Firmicutes	1806	1657	-	MNTILELQRLHNPSAYKPIACSTAPPSDVYKTTRLLTWSTVSYDCKRKG
WP_115903629.1	WP_115903629.1_3	NZ_QKXK01000124.1	Staphylococcus felis	Firmicutes	2254	2379	+	MKNILELQKIEDKTVIAQERGKRSITTVFSIFGGSTISNHC
WP_127742798.1	WP_127742798.1_1	NZ_RZTZ01000026.1	Bacillus taxi	Firmicutes	3392	3273	-	MNKVLSLQKETISKDVQLKAKSSGSIVCKKSSNASWFFC
WP_127742798.1	WP_127742798.1_2	NZ_RZTZ01000026.1	Bacillus taxi	Firmicutes	3548	3429	-	MNKVLSLQKETISKDVQLKAKSSGSIVCKKSSNASWFFC
WP_127742798.1	WP_127742798.1_3	NZ_RZTZ01000026.1	Bacillus taxi	Firmicutes	3707	3588	-	MNKVLSLQKETISKDVQLKAKSSGSIVCKKSSNASWFFC
WP_127742798.1	WP_127742798.1_4	NZ_RZTZ01000026.1	Bacillus taxi	Firmicutes	3866	3747	-	MNKVLSLQKETISKDVQLKAKSSGSIVCKKSSNASWFFC
WP_127742798.1	WP_127742798.1_5	NZ_RZTZ01000026.1	Bacillus taxi	Firmicutes	4023	3904	-	MNKVLSLQKETISKDVQLKAKSSGSIVCKKSSNASWFFC
WP_127742798.1	WP_127742798.1_6	NZ_RZTZ01000026.1	Bacillus taxi	Firmicutes	4225	4106	-	MKNVLGLQKLDKRERKENPLKSSVSLGCSPSSNTSWFFC
WP_127742798.1	WP_127742798.1_7	NZ_RZTZ01000026.1	Bacillus taxi	Firmicutes	7144	7007	-	MSRADVLSLQSLKNYKKSDEPIGSNVSVNCKKHSSLSIFFCVSPR
WP_079098885.1	WP_079098885.1_1	NZ_FHPK01000003.1	Streptococcus pneumoniae	Firmicutes	19782	19919	+	MAEEVLNLQLVSVQVDETDEVDGMRFSTFSTNRCGNWSAFSWENC
WP_079098885.1	WP_079098885.1_2	NZ_FHPK01000003.1	Streptococcus pneumoniae	Firmicutes	28494	28631	+	MAAEVLNLQLVSVQVDETDEVDGMRFSTFSTNRCGNWSAFSWENC
WP_019035331.1	WP_019035331.1_1	NZ_UGSZ01000001.1	Peptoniphilus lacrimalis	Firmicutes	722614	722736	+	MSNKILKLQEMKANESKVVSRKSSQSNSCNTRSSISIACK
WP_172554310.1	WP_172554310.1_1	NZ_CP035727.1	Bacillus thuringiensis serovar andalousiensis	Firmicutes	3154410	3154547	+	MNTVLELQKLAHDTEGKGQAAEATITTTWTVTTTGVWASTISNNC
WP_172554310.1	WP_172554310.1_2	NZ_CP035727.1	Bacillus thuringiensis serovar andalousiensis	Firmicutes	3154584	3154721	+	MNTVLELQKLAHDTEGKGQAAEATITTTWTVTTTGVWASTISNNC
WP_172554310.1	WP_172554310.1_3	NZ_CP035727.1	Bacillus thuringiensis serovar andalousiensis	Firmicutes	3154758	3154895	+	MNTVLELQKLVHDTEGKGQAAEATITTTWTVTTTGVWASTISNNC
WP_172554310.1	WP_172554310.1_4	NZ_CP035727.1	Bacillus thuringiensis serovar andalousiensis	Firmicutes	3154932	3155069	+	MNTVLELQKLAHDTEGKGQAAEATITTTWTVTTTGAWASTISNNC
WP_104871042.1	WP_104871042.1_1	NZ_PUAP01000010.1	Enterococcus mundtii	Firmicutes	90935	91075	+	MSNEILKFQSLEIEDEVIEEVEGERGSTASWGWCDTSPSNISLVGC
WP_024407182.1	WP_024407182.1_1	NZ_ALMD01000035.1	Streptococcus suis YS16	Firmicutes	47242	47123	-	MKNVLSLQKLQVKENVQLRAKSSASINCKRKSTLSLFFC
WP_066790229.1	WP_066790229.1_1	NZ_CP014806.1	Rummeliibacillus stabekisii	Firmicutes	2497440	2497318	-	MNDVLALQKLQEDAEVQPASTWTTITTTTSVFASTISNHC
WP_066790229.1	WP_066790229.1_2	NZ_CP014806.1	Rummeliibacillus stabekisii	Firmicutes	2497619	2497497	-	MNDVLALQKLQEDAEVQPASTWTTITTTTSVFASTISNHC
WP_066790229.1	WP_066790229.1_3	NZ_CP014806.1	Rummeliibacillus stabekisii	Firmicutes	2497797	2497675	-	MNDVLALQKLQEDAEVQPASTWTTITTTTSVFASTISNHC
WP_066790229.1	WP_066790229.1_4	NZ_CP014806.1	Rummeliibacillus stabekisii	Firmicutes	2497976	2497854	-	MNDVLALQKLQEDAEVQPASTWTTITTTTSVFASTISNHC
WP_066790229.1	WP_066790229.1_5	NZ_CP014806.1	Rummeliibacillus stabekisii	Firmicutes	2498160	2498020	-	MKEVLALQKLQEDSAVVEPLSTPTFTITTTTLVFASTISNHCDHAS
WP_131847794.1	WP_131847794.1_1	NZ_SLXV01000003.1	Baia soyae	Firmicutes	92921	93055	+	MNQVLDLQKISQSNSEQPEMGTWTVVVRTTVTTVSGMSTISNNC
WP_131847794.1	WP_131847794.1_2	NZ_SLXV01000003.1	Baia soyae	Firmicutes	93089	93223	+	MNQVLDLQKISQSNSEQPEMGTWTVVVRTTVTTVSGMSTISNNC
WP_131847794.1	WP_131847794.1_3	NZ_SLXV01000003.1	Baia soyae	Firmicutes	93256	93390	+	MNQVLDLQKTSQNNSEQPEMGTWTVVVRTTVTTVSGMSTVSNNC
WP_176463575.1	WP_176463575.1_1	NZ_LT899437.1	Bacillus sp. BO	Firmicutes	907827	907964	+	MNQVLELQKLAHEVDGQGQWSVEKSPATVTITTTAVGWSTASNDC
WP_176463575.1	WP_176463575.1_2	NZ_LT899437.1	Bacillus sp. BO	Firmicutes	907995	908132	+	MNQVLELQKLAHGSDGQEQWSVEKSPATITTTRTVIGWSTASNSC
WP_176463575.1	WP_176463575.1_3	NZ_LT899437.1	Bacillus sp. BO	Firmicutes	908169	908306	+	MNQVLDLQKLAHDSNGQGQWSVEKSPATITTTTTAVGWSTASNGC
WP_176463575.1	WP_176463575.1_4	NZ_LT899437.1	Bacillus sp. BO	Firmicutes	908340	908477	+	MNQVLDLQKLAHDSDGQGQWSVEKSPATVTITTTAVGWSTASNDC
WP_176463575.1	WP_176463575.1_5	NZ_LT899437.1	Bacillus sp. BO	Firmicutes	908509	908646	+	MNQVLELQKLATHSNDHGQWSVEKSPATVTITTTAVGWSTASNDC
WP_166785802.1	WP_166785802.1_1	NZ_SOGL01000016.1	Cryobacterium sp. TmT3-12	Actinobacteria	35984	35841	-	MIANVLAFQALTVESEELSLDDANFSWASHSYCSSFTSSFESYSHCY
WP_026906711.1	WP_026906711.1_1	NZ_AXVK01000021.1	Paucisalibacillus globulus DSM 18846	Firmicutes	15663	15544	-	MNKVLSLQTMESTKDIELRAGSSVSVNCKVISTISFFLC
WP_026906711.1	WP_026906711.1_2	NZ_AXVK01000021.1	Paucisalibacillus globulus DSM 18846	Firmicutes	18481	18344	-	MSKVLSLQAMDLKKSASPDGLFFSTNSMFVCCSNTIASTMSMFVC
WP_026906711.1	WP_026906711.1_3	NZ_AXVK01000021.1	Paucisalibacillus globulus DSM 18846	Firmicutes	18628	18503	-	MEKVLKLQKMEQSFFGGLTSNLSFVCKKESTLSLFLCVPEN
WP_074554546.1	WP_074554546.1_1	NZ_SNQO01000131.1	Bacillus cereus	Firmicutes	3293	3427	+	MNRLLALQNLAPDESKTPETNAISNASTYCFSNVSVFCNSAISW
WP_179132926.1	WP_179132926.1_1	NZ_MWZC01000789.1	Paenibacillus sp. VT-16-81	Firmicutes	154795	154667	-	MNAVLELQKLAHNKEGKGQAVDATITTTWTVTTFLSTISNNC
WP_179132926.1	WP_179132926.1_2	NZ_MWZC01000789.1	Paenibacillus sp. VT-16-81	Firmicutes	154958	154830	-	MNAVLELQKLAHNKEGKGQAVEATITTTWTVTTFLSTISNNC
WP_179132926.1	WP_179132926.1_3	NZ_MWZC01000789.1	Paenibacillus sp. VT-16-81	Firmicutes	155119	154994	-	MNAVLELQKLAHNKEGKGQAVEATITTWTVTVFLSTISNNC
WP_002455805.1	WP_002455805.1_1	NZ_GL545262.1	Staphylococcus hominis subsp. hominis C80	Firmicutes	27360	27247	-	MEEILKLQKIEATEESLDKKKSISTLVAFLSTISQHC
WP_002455805.1	WP_002455805.1_2	NZ_GL545262.1	Staphylococcus hominis subsp. hominis C80	Firmicutes	27549	27430	-	MEEILKLQKLESIEVEELDKGPKLSWTAVFGLSTISRYC
WP_002455805.1	WP_002455805.1_3	NZ_GL545262.1	Staphylococcus hominis subsp. hominis C80	Firmicutes	27815	27699	-	MEEILKLQKLEDKNSEKLNGLATIRVTVNSTMSVFCKK
WP_002455805.1	WP_002455805.1_4	NZ_GL545262.1	Staphylococcus hominis subsp. hominis C80	Firmicutes	33226	33098	-	MEEILKLQKMEYSNDVEIQSMTPEPSVTRILTWSTMSDHCKH
WP_106157058.1	WP_106157058.1_1	NZ_PVWY01000003.1	Bacillus sp. LNXM12-2	Firmicutes	342746	342624	-	MRKILSLQKLYETDISKSNKNQSNVSIGCLGRSNISLFIC
WP_106157058.1	WP_106157058.1_2	NZ_PVWY01000003.1	Bacillus sp. LNXM12-2	Firmicutes	342957	342808	-	MSDKILSLQKLSTKKSDNPDRKSVLSIFICEGGKGSSVSLYACTSIVGS
WP_106157058.1	WP_106157058.1_3	NZ_PVWY01000003.1	Bacillus sp. LNXM12-2	Firmicutes	346411	346539	+	MKKLLSLQHKALDKEVTLLKGRSSISLGCGKISTVSLFLCAN
WP_106157058.1	WP_106157058.1_4	NZ_PVWY01000003.1	Bacillus sp. LNXM12-2	Firmicutes	346564	346692	+	MKKLLLLQHKALDKEVTLLKGRSSVSLGCDKISTISLYFCGN
WP_106157058.1	WP_106157058.1_5	NZ_PVWY01000003.1	Bacillus sp. LNXM12-2	Firmicutes	346716	346844	+	MKKLLLLQHKALDKEVTLLKGKSSVSLGCDKISTISLYFCGN
WP_106157058.1	WP_106157058.1_6	NZ_PVWY01000003.1	Bacillus sp. LNXM12-2	Firmicutes	346868	346996	+	MKKLLLLQHKALDKEVTLLKGRSSVSLGCDKISTISLYFCGN
WP_088065039.1	WP_088065039.1_1	NZ_FMIJ01000029.1	Bacillus wiedmannii	Firmicutes	74224	74105	-	MTKILNLQKSTNSEDVRNKVQSNLSIGCLNRSNLSLYFC
WP_088065039.1	WP_088065039.1_2	NZ_FMIJ01000029.1	Bacillus wiedmannii	Firmicutes	74554	74411	-	MTKLLALQQIETHTSKGKLFKSTLSIVCDHGTGSTLSLYTCNSMGNF
WP_088065039.1	WP_088065039.1_3	NZ_FMIJ01000029.1	Bacillus wiedmannii	Firmicutes	78261	78395	+	MKKLLSLQHTALDKEVVLLKGKSSVSLGCDNISTVSLYFCGNGK
WP_028558967.1	WP_028558967.1_1	NZ_AULX01000006.1	Paenibacillus pinihumi DSM 23905 = JCM 16419	Firmicutes	429147	429019	-	MNAVLELQKLAHDAEGKGQAAEATVTTWTVTIFLSTISVNNC
WP_028558967.1	WP_028558967.1_2	NZ_AULX01000006.1	Paenibacillus pinihumi DSM 23905 = JCM 16419	Firmicutes	429311	429183	-	MNNVLELQKLAHDAKGKGQAAEATVTTWTVTIFLSTISVNNC
WP_106421251.1	WP_106421251.1_1	NZ_CP015643.1	Staphylococcus simulans	Firmicutes	53223	53068	-	MTIQNKILKLQALTEERSMTGLPIKSSNASMQFCIGDGKSSQTSIAFCYNK
WP_106421251.1	WP_106421251.1_2	NZ_CP015643.1	Staphylococcus simulans	Firmicutes	55144	55022	-	MNKVLSLQKENVVREKKKGKGKSSFSLGCAPSSMGSIFAC
WP_106421251.1	WP_106421251.1_3	NZ_CP015643.1	Staphylococcus simulans	Firmicutes	55283	55164	-	MNKVLSLQSKAVSKETVLKAKSSASINCKTKSGISVFAC
WP_106421251.1	WP_106421251.1_4	NZ_CP015643.1	Staphylococcus simulans	Firmicutes	55422	55303	-	MNKVLSLQSKAVSKETVLKAKSSASINCKTKSGISVFAC
WP_106421251.1	WP_106421251.1_5	NZ_CP015643.1	Staphylococcus simulans	Firmicutes	55561	55442	-	MNKVLSLQSKAVSKETVLKAKSSASINCKTKSGISVFAC
WP_106421251.1	WP_106421251.1_6	NZ_CP015643.1	Staphylococcus simulans	Firmicutes	58369	58229	-	MSTQKNNVLALQSLRNAKEDDSSKQSNISIACKKKSSISAFSCVFQ
WP_126347318.1	WP_126347318.1_1	NZ_AP018493.1	Melissococcus plutonius	Firmicutes	187575	187441	-	MKKEILNLQTLISEDEIDSVDGARNSKVSIGWCGNNSNISLMGC
WP_166653326.1	WP_166653326.1_1	NZ_SNXD01000007.1	Paenibacillus sp. BK673	Firmicutes	2247	2116	-	MNDVLALQKMSAKIGDEQEVFPITITWTVTTVTVGWSTASNHC
WP_166653326.1	WP_166653326.1_2	NZ_SNXD01000007.1	Paenibacillus sp. BK673	Firmicutes	2481	2350	-	MNDVLALQKLSAKIGDEQEAFPITITWTVTTVTVGWSTASNHC
WP_061521334.1	WP_061521334.1_1	NZ_LSBA01000008.1	Bacillus nakamurai	Firmicutes	18125	17988	-	MNAVLELQKLAHDTDGKGIAVDATITTTWTVTTTSGFISSVSNNC
WP_061521334.1	WP_061521334.1_2	NZ_LSBA01000008.1	Bacillus nakamurai	Firmicutes	18305	18168	-	MNAVLELQKLAHDTDGKGIAVDATITTTWTVTTTSAFTSTVSNHC
WP_093291005.1	WP_093291005.1_1	NZ_FNPL01000004.1	Thermoactinomyces sp. DSM 45892	Firmicutes	77806	77934	+	MNQVLDLQKLSQAESLEQPEIGWTPLTWTVTTALSTVSNNCK
WP_093291005.1	WP_093291005.1_2	NZ_FNPL01000004.1	Thermoactinomyces sp. DSM 45892	Firmicutes	77976	78104	+	MNQVLDLQKLSQVESLKQPEIGWTPLTWTVTTALSTVSNNCK
WP_095088878.1	WP_095088878.1_1	NZ_LT906462.1	Mammaliicoccus stepanovicii	Firmicutes	1844499	1844320	-	MNPILDLQKANIPEGMREAQQGPGPTSQGGGGGGGGGSSLPSSSFSIFNGNSSLSIACS
WP_106052005.1	WP_106052005.1_1	NZ_PVQL01000004.1	Bacillus sp. NMCN1	Firmicutes	281651	281514	-	MKKVLELQQLNNEEQPEIGPTITTITVIPTTFISLLSNHCDNHAS
WP_106052005.1	WP_106052005.1_2	NZ_PVQL01000004.1	Bacillus sp. NMCN1	Firmicutes	283458	283342	-	MKDVLKLQQLTENSEVEPERWYTIFTTLVGSSTVSNNC
WP_106052005.1	WP_106052005.1_3	NZ_PVQL01000004.1	Bacillus sp. NMCN1	Firmicutes	283607	283491	-	MNEVLKLQQLNEDSEVSPEAWYTIFTTLVGSSTISNNC
WP_106052005.1	WP_106052005.1_4	NZ_PVQL01000004.1	Bacillus sp. NMCN1	Firmicutes	283766	283647	-	MKDVLKLQQLTEGSEVEPERWYTIFTTLVGSSTVSNNCK
WP_106052005.1	WP_106052005.1_5	NZ_PVQL01000004.1	Bacillus sp. NMCN1	Firmicutes	283945	283826	-	MKDVLKLQQLTENTETKNEEVWFTITTISVTLSTISNHC
WP_195520241.1	WP_195520241.1_1	NZ_JADMQU010000019.1	Streptococcus salivarius	Firmicutes	7296	7436	+	MLEEVLKLQLMDAKEENDAPDGLRASSLSLDNCRHKRLSLISLNHC
WP_136804689.1	WP_136804689.1_1	NZ_SUPP01000017.1	Bacillus thuringiensis	Firmicutes	34227	34364	+	MSRFDVLSLQSLKKHKNNDKPIGSNVSVNCKTQSGLSLFFCVSPK
WP_136804689.1	WP_136804689.1_2	NZ_SUPP01000017.1	Bacillus thuringiensis	Firmicutes	37159	37287	+	MKDVLALQKMNKTKQKGKGQNPAKSSISLGCSPSSNTSWFFC
WP_136804689.1	WP_136804689.1_3	NZ_SUPP01000017.1	Bacillus thuringiensis	Firmicutes	37329	37448	+	MNKVLSLQKESISKDVQLKAKSSKSVQCKTSSNASWFFC
WP_022629196.1	WP_022629196.1_1	NZ_ATAE01000041.1	Bacillus marmarensis DSM 21297	Firmicutes	64776	64910	+	MKRVLNLQKMSQREFIGRHSNISIICKEMSTISLFLCLPDDLQK
WP_022629196.1	WP_022629196.1_2	NZ_ATAE01000041.1	Bacillus marmarensis DSM 21297	Firmicutes	64933	65103	+	MSYNDQMNGVLKLQGVAVRAKTSQNVDANSIFSTISIAACPITPIAPVSSISAFVC
WP_022629196.1	WP_022629196.1_3	NZ_ATAE01000041.1	Bacillus marmarensis DSM 21297	Firmicutes	67815	67934	+	MKQVLSLQNMKSNKDIELHARSYLSINCKGFSSISTFIC
WP_022629196.1	WP_022629196.1_4	NZ_ATAE01000041.1	Bacillus marmarensis DSM 21297	Firmicutes	67977	68096	+	MKQVLSLQNMKSNKDIELHARSYLSINCKGFSSISTFIC
WP_022629196.1	WP_022629196.1_5	NZ_ATAE01000041.1	Bacillus marmarensis DSM 21297	Firmicutes	68139	68258	+	MKQVLSLQNMKSNKDIELHARSYLSINCKGFSSISTFIC
WP_022629196.1	WP_022629196.1_6	NZ_ATAE01000041.1	Bacillus marmarensis DSM 21297	Firmicutes	68296	68421	+	MKNVLSLQDLENKEEIVLHRILGSSYSLNCKVLSSISIFIC
WP_107895215.1	WP_107895215.1_1	NZ_PYWM01000008.1	Lysinibacillus mangiferihumi	Firmicutes	108776	108907	+	MNTVLEMQKLVPDTESKGQAQNEIVSTFTTSVGKSSFSIFMCI
WP_107895215.1	WP_107895215.1_2	NZ_PYWM01000008.1	Lysinibacillus mangiferihumi	Firmicutes	108952	109080	+	MNAVLALQKLVPDIEGKEQVRNATVTTVTTVTRLSTFSIHCK
WP_107895215.1	WP_107895215.1_3	NZ_PYWM01000008.1	Lysinibacillus mangiferihumi	Firmicutes	109112	109252	+	MNAVLELQKLVPDTEGKEQVRNATVTTVTTVTTTVGNSSLSIFRCK
WP_055105330.1	WP_055105330.1_1	NZ_LN884295.1	Paenibacillus ihumii	Firmicutes	174856	174725	-	MNAVLELQKLEHDTDDKDQAMIGLVSTVGPIKTIITFTSTIKC
WP_055105330.1	WP_055105330.1_2	NZ_LN884295.1	Paenibacillus ihumii	Firmicutes	175025	174891	-	MNAVLELQKLAHDTEGKDQAKGFVSTVGPITTIITFTSTISVKC
WP_109982458.1	WP_109982458.1_1	NZ_CP029560.1	Streptococcus sobrinus	Firmicutes	494106	494255	+	MSEEILSLQTLPIEEDFEEINEVDGMRGVSTLSGGGCHNWSTFSIGACG
WP_109982458.1	WP_109982458.1_2	NZ_CP029560.1	Streptococcus sobrinus	Firmicutes	494409	494561	+	MQEKILKLQTLSVEDFEEINEVDGKRRVLSTVSIGCAGSCVRSTISVYRC
WP_181046677.1	WP_181046677.1_1	NZ_PTVV01000048.1	Enterococcus faecium	Firmicutes	3797	3654	-	MKQILSLQKLEKEKELNVSNRTPSLNYKSHLSWFGCFLRTHSHGCMK
